[["Sprite",{"animations":"{\"expanded\":true,\"subfolders\":[]}"}],["Sprite2",{"animations":"{\"expanded\":true,\"subfolders\":[]}"}],["Sprite3",{"animations":"{\"expanded\":true,\"subfolders\":[]}"}],["Sprite4",{"animations":"{\"expanded\":true,\"subfolders\":[]}"}],["Sprite5",{"animations":"{\"expanded\":true,\"subfolders\":[]}"}],["Sprite6",{"animations":"{\"expanded\":true,\"subfolders\":[]}"}],["Sprite7",{"animations":"{\"expanded\":true,\"subfolders\":[]}"}],["PlacaBase",{}],["EntradaDeTexto2",{}],["EntradaDeTexto3",{}],["Disco",{}],["RAM",{}],["EntradaDeTexto4",{}],["ventilador",{}],["Alimentacón",{}],["procesador",{}],["Sprite8",{"animations":"{\"expanded\":true,\"subfolders\":[]}"}],["Cámara3D",{}],["Sprite9",{"animations":"{\"expanded\":true,\"subfolders\":[]}"}],["Sprite10",{"animations":"{\"expanded\":true,\"subfolders\":[]}"}],["Sprite11",{"animations":"{\"expanded\":true,\"subfolders\":[]}"}],["Sprite12",{"animations":"{\"expanded\":true,\"subfolders\":[]}"}],["Sprite13",{"animations":"{\"expanded\":true,\"subfolders\":[]}"}],["Sprite14",{"animations":"{\"expanded\":true,\"subfolders\":[]}"}],["Sprite15",{"animations":"{\"expanded\":true,\"subfolders\":[]}"}],["inicio",{}],["Mouse",{}],["Teclado",{}],["Texto",{}],["Texto2",{}],["Texto3",{}],["Texto4",{}],["FondoEnMosaico",{}],["Sprite17",{"animations":"{\"expanded\":true,\"subfolders\":[]}"}],["Sprite16",{}]]