{"propertiesBar":{"properties":[{"name":"Acerca de","expanded":true,"children":[]},{"name":"Colores","expanded":true,"children":[]},{"name":"Inicio","expanded":true,"children":[]},{"name":"Pantalla","expanded":true,"children":[{"name":"Tamaño de área visible","expanded":false,"children":[]}]},{"name":"Avanzado","expanded":true,"children":[]},{"name":"Editor","expanded":true,"children":[]}],"scrollPosition":0},"openTabs":{"active":{"name":"Escena 1","type":"layout"},"open":[{"name":"Escena 1","type":"layout"},{"name":"inicio","type":"eventSheet"},{"name":"Hoja de eventos 1","type":"eventSheet"},{"name":"inicio","type":"layout"}]},"previewEffects":true,"pauseOnUnfocus":false,"projectBar":{"name":"<root>","children":[{"name":"GAME1_Salazar_Garretas_Unai","expanded":true,"children":[{"name":"Escenas","expanded":true,"children":[{"name":"Escena 1","expanded":true,"children":[]},{"name":"inicio","expanded":true,"children":[]}]},{"name":"Hojas de eventos","expanded":true,"children":[{"name":"Hoja de eventos 1","expanded":true,"children":[]},{"name":"inicio","expanded":true,"children":[]}]},{"name":"Scripts","expanded":true,"children":[]},{"name":"Tipos de objetos","expanded":true,"children":[{"name":"Alimentacón","expanded":true,"children":[]},{"name":"Cámara3D","expanded":true,"children":[]},{"name":"Disco","expanded":true,"children":[]},{"name":"EntradaDeTexto2","expanded":true,"children":[]},{"name":"EntradaDeTexto3","expanded":true,"children":[]},{"name":"EntradaDeTexto4","expanded":true,"children":[]},{"name":"FondoEnMosaico","expanded":true,"children":[]},{"name":"inicio","expanded":true,"children":[]},{"name":"Mouse","expanded":true,"children":[]},{"name":"PlacaBase","expanded":true,"children":[]},{"name":"procesador","expanded":true,"children":[]},{"name":"RAM","expanded":true,"children":[]},{"name":"Sprite","expanded":true,"children":[]},{"name":"Sprite10","expanded":true,"children":[]},{"name":"Sprite11","expanded":true,"children":[]},{"name":"Sprite12","expanded":true,"children":[]},{"name":"Sprite13","expanded":true,"children":[]},{"name":"Sprite14","expanded":true,"children":[]},{"name":"Sprite15","expanded":true,"children":[]},{"name":"Sprite16","expanded":true,"children":[]},{"name":"Sprite17","expanded":true,"children":[]},{"name":"Sprite2","expanded":true,"children":[]},{"name":"Sprite3","expanded":true,"children":[]},{"name":"Sprite4","expanded":true,"children":[]},{"name":"Sprite5","expanded":true,"children":[]},{"name":"Sprite6","expanded":true,"children":[]},{"name":"Sprite7","expanded":true,"children":[]},{"name":"Sprite8","expanded":true,"children":[]},{"name":"Sprite9","expanded":true,"children":[]},{"name":"Teclado","expanded":true,"children":[]},{"name":"Texto","expanded":true,"children":[]},{"name":"Texto2","expanded":true,"children":[]},{"name":"Texto3","expanded":true,"children":[]},{"name":"Texto4","expanded":true,"children":[]},{"name":"Texto5","expanded":true,"children":[]},{"name":"Texto6","expanded":true,"children":[]},{"name":"Texto7","expanded":true,"children":[]},{"name":"ventilador","expanded":true,"children":[]}]},{"name":"Familias","expanded":true,"children":[]},{"name":"Líneas de tiempo","expanded":true,"children":[{"name":"Eases (Aceleraciones)","expanded":false,"children":[]},{"name":"Línea de tiempo 1","expanded":true,"children":[]}]},{"name":"Diagramas de flujo","expanded":true,"children":[{"name":"Diagrama de flujo 1","expanded":true,"children":[]}]},{"name":"Sonidos","expanded":true,"children":[]},{"name":"Música","expanded":true,"children":[]},{"name":"Vídeos","expanded":true,"children":[]},{"name":"Fuentes","expanded":true,"children":[]},{"name":"Iconos y capturas de pantalla","expanded":false,"children":[{"name":"icono-128.png","expanded":true,"children":[]},{"name":"icono-16.png","expanded":true,"children":[]},{"name":"icono-256.png","expanded":true,"children":[]},{"name":"icono-32.png","expanded":true,"children":[]},{"name":"icono-512.png","expanded":true,"children":[]},{"name":"icono-64.png","expanded":true,"children":[]},{"name":"logo-carga.png","expanded":true,"children":[]}]},{"name":"Archivos","expanded":true,"children":[]}]}]},"propertiesBarActiveObject":{"name":"instances","type":"array"}}