{
	"name": "Escena 1",
	"layers": [
		{
			"name": "Capa 0",
			"overriden": 0,
			"subLayers": [],
			"instances": [
				{
					"type": "Sprite15",
					"properties": {
						"initially-visible": true,
						"initial-animation": "Animation 1",
						"initial-frame": 0,
						"enable-collisions": true,
						"live-preview": false
					},
					"uid": 29,
					"sid": 254775200349986,
					"tags": "",
					"instanceVariables": {},
					"behaviors": {},
					"instanceFolderItem": {
						"sid": 254775200349986,
						"expanded": true
					},
					"showing": true,
					"locked": false,
					"world": {
						"x": 640,
						"y": 361,
						"width": 1284,
						"height": 717,
						"originX": 0.5,
						"originY": 0.5,
						"color": [
							1,
							1,
							1,
							1
						],
						"angle": 0,
						"zElevation": 0
					}
				},
				{
					"type": "Sprite",
					"properties": {
						"initially-visible": true,
						"initial-animation": "Animation 1",
						"initial-frame": 0,
						"enable-collisions": true,
						"live-preview": false
					},
					"uid": 2,
					"sid": 915830445421643,
					"tags": "",
					"instanceVariables": {},
					"behaviors": {
						"ArrastrarYSoltar": {
							"properties": {
								"axes": "both",
								"enabled": true
							}
						}
					},
					"instanceFolderItem": {
						"sid": 915830445421643,
						"expanded": true
					},
					"showing": true,
					"locked": false,
					"world": {
						"x": 1019,
						"y": 441,
						"width": 660,
						"height": 772,
						"originX": 0.5,
						"originY": 0.5,
						"color": [
							1,
							1,
							1,
							1
						],
						"angle": 0,
						"zElevation": 0
					}
				},
				{
					"type": "Sprite6",
					"properties": {
						"initially-visible": true,
						"initial-animation": "Animation 1",
						"initial-frame": 0,
						"enable-collisions": true,
						"live-preview": false
					},
					"uid": 7,
					"sid": 253359609556067,
					"tags": "",
					"instanceVariables": {},
					"behaviors": {
						"ArrastrarYSoltar": {
							"properties": {
								"axes": "both",
								"enabled": true
							}
						},
						"Ancla": {
							"properties": {
								"left-edge": "window-left",
								"top-edge": "window-top",
								"right-edge": "none",
								"bottom-edge": "none",
								"enabled": true
							}
						},
						"Pegado": {
							"properties": {
								"destroy": false
							}
						}
					},
					"instanceFolderItem": {
						"sid": 253359609556067,
						"expanded": true
					},
					"showing": true,
					"locked": false,
					"world": {
						"x": 173,
						"y": 254,
						"width": 306,
						"height": 321,
						"originX": 0.5,
						"originY": 0.5,
						"color": [
							1,
							1,
							1,
							1
						],
						"angle": 0,
						"zElevation": 0
					}
				},
				{
					"type": "Sprite2",
					"properties": {
						"initially-visible": true,
						"initial-animation": "Animation 1",
						"initial-frame": 0,
						"enable-collisions": true,
						"live-preview": false
					},
					"uid": 3,
					"sid": 733209676752980,
					"tags": "",
					"instanceVariables": {},
					"behaviors": {
						"ArrastrarYSoltar": {
							"properties": {
								"axes": "both",
								"enabled": true
							}
						},
						"Ancla": {
							"properties": {
								"left-edge": "window-left",
								"top-edge": "window-top",
								"right-edge": "none",
								"bottom-edge": "none",
								"enabled": true
							}
						},
						"Pegado": {
							"properties": {
								"destroy": false
							}
						}
					},
					"instanceFolderItem": {
						"sid": 733209676752980,
						"expanded": true
					},
					"showing": true,
					"locked": false,
					"world": {
						"x": 398,
						"y": 198,
						"width": 66,
						"height": 97,
						"originX": 0.5,
						"originY": 0.5,
						"color": [
							1,
							1,
							1,
							1
						],
						"angle": 0,
						"zElevation": 0
					}
				},
				{
					"type": "Sprite3",
					"properties": {
						"initially-visible": true,
						"initial-animation": "Animation 1",
						"initial-frame": 0,
						"enable-collisions": true,
						"live-preview": false
					},
					"uid": 4,
					"sid": 570518083331446,
					"tags": "",
					"instanceVariables": {},
					"behaviors": {
						"ArrastrarYSoltar": {
							"properties": {
								"axes": "both",
								"enabled": true
							}
						},
						"Ancla": {
							"properties": {
								"left-edge": "window-left",
								"top-edge": "window-top",
								"right-edge": "none",
								"bottom-edge": "none",
								"enabled": true
							}
						},
						"Pegado": {
							"properties": {
								"destroy": false
							}
						}
					},
					"instanceFolderItem": {
						"sid": 570518083331446,
						"expanded": true
					},
					"showing": true,
					"locked": false,
					"world": {
						"x": 612,
						"y": 249,
						"width": 138.4893931057733,
						"height": 150.50815692685268,
						"originX": 0.5,
						"originY": 0.5,
						"color": [
							1,
							1,
							1,
							1
						],
						"angle": 6.280611456260874,
						"zElevation": 0
					}
				},
				{
					"type": "Sprite4",
					"properties": {
						"initially-visible": true,
						"initial-animation": "Animation 1",
						"initial-frame": 0,
						"enable-collisions": true,
						"live-preview": false
					},
					"uid": 5,
					"sid": 196963886422685,
					"tags": "",
					"instanceVariables": {},
					"behaviors": {
						"ArrastrarYSoltar": {
							"properties": {
								"axes": "both",
								"enabled": true
							}
						},
						"Ancla": {
							"properties": {
								"left-edge": "window-left",
								"top-edge": "window-top",
								"right-edge": "none",
								"bottom-edge": "none",
								"enabled": true
							}
						},
						"Pegado": {
							"properties": {
								"destroy": false
							}
						}
					},
					"instanceFolderItem": {
						"sid": 196963886422685,
						"expanded": true
					},
					"showing": true,
					"locked": false,
					"world": {
						"x": 173,
						"y": 576,
						"width": 189.00000000000003,
						"height": 60,
						"originX": 0.5,
						"originY": 0.5,
						"color": [
							1,
							1,
							1,
							1
						],
						"angle": 0,
						"zElevation": 0
					}
				},
				{
					"type": "Sprite5",
					"properties": {
						"initially-visible": true,
						"initial-animation": "Animation 1",
						"initial-frame": 0,
						"enable-collisions": true,
						"live-preview": false
					},
					"uid": 6,
					"sid": 170306407865380,
					"tags": "",
					"instanceVariables": {},
					"behaviors": {
						"ArrastrarYSoltar": {
							"properties": {
								"axes": "both",
								"enabled": true
							}
						},
						"Ancla": {
							"properties": {
								"left-edge": "window-left",
								"top-edge": "window-top",
								"right-edge": "none",
								"bottom-edge": "none",
								"enabled": true
							}
						},
						"Pegado": {
							"properties": {
								"destroy": false
							}
						}
					},
					"instanceFolderItem": {
						"sid": 170306407865380,
						"expanded": true
					},
					"showing": true,
					"locked": false,
					"world": {
						"x": 621,
						"y": 541,
						"width": 156,
						"height": 122.99999999999996,
						"originX": 0.5,
						"originY": 0.5,
						"color": [
							1,
							1,
							1,
							1
						],
						"angle": 0,
						"zElevation": 0
					}
				},
				{
					"type": "Sprite7",
					"properties": {
						"initially-visible": true,
						"initial-animation": "Animation 1",
						"initial-frame": 0,
						"enable-collisions": true,
						"live-preview": false
					},
					"uid": 8,
					"sid": 398494293393844,
					"tags": "",
					"instanceVariables": {},
					"behaviors": {
						"ArrastrarYSoltar": {
							"properties": {
								"axes": "both",
								"enabled": true
							}
						},
						"Ancla": {
							"properties": {
								"left-edge": "window-left",
								"top-edge": "window-top",
								"right-edge": "none",
								"bottom-edge": "none",
								"enabled": true
							}
						},
						"Pegado": {
							"properties": {
								"destroy": false
							}
						}
					},
					"instanceFolderItem": {
						"sid": 398494293393844,
						"expanded": true
					},
					"showing": true,
					"locked": false,
					"world": {
						"x": 397,
						"y": 503,
						"width": 199.94610818804807,
						"height": 35.30010318316113,
						"originX": 0.5,
						"originY": 0.5,
						"color": [
							1,
							1,
							1,
							1
						],
						"angle": 4.713492191508589,
						"zElevation": 0
					}
				},
				{
					"type": "PlacaBase",
					"properties": {
						"text": "",
						"placeholder": "",
						"tooltip": "",
						"initially-visible": true,
						"enabled": true,
						"read-only": false,
						"spell-check": false,
						"type": "text",
						"auto-font-size": true,
						"id": "",
						"class": ""
					},
					"uid": 9,
					"sid": 752930513870254,
					"tags": "",
					"instanceVariables": {},
					"behaviors": {},
					"instanceFolderItem": {
						"sid": 752930513870254,
						"expanded": true
					},
					"showing": true,
					"locked": false,
					"world": {
						"x": 94,
						"y": 474,
						"width": 150,
						"height": 22,
						"originX": 0,
						"originY": 0,
						"color": [
							1,
							1,
							1,
							1
						]
					}
				},
				{
					"type": "Disco",
					"properties": {
						"text": "",
						"placeholder": "",
						"tooltip": "",
						"initially-visible": true,
						"enabled": true,
						"read-only": false,
						"spell-check": false,
						"type": "text",
						"auto-font-size": true,
						"id": "",
						"class": ""
					},
					"uid": 10,
					"sid": 701287065791046,
					"tags": "",
					"instanceVariables": {},
					"behaviors": {},
					"instanceFolderItem": {
						"sid": 701287065791046,
						"expanded": true
					},
					"showing": true,
					"locked": false,
					"world": {
						"x": 94,
						"y": 658,
						"width": 150,
						"height": 22,
						"originX": 0,
						"originY": 0,
						"color": [
							1,
							1,
							1,
							1
						]
					}
				},
				{
					"type": "RAM",
					"properties": {
						"text": "",
						"placeholder": "",
						"tooltip": "",
						"initially-visible": true,
						"enabled": true,
						"read-only": false,
						"spell-check": false,
						"type": "text",
						"auto-font-size": true,
						"id": "",
						"class": ""
					},
					"uid": 11,
					"sid": 633535749905434,
					"tags": "",
					"instanceVariables": {},
					"behaviors": {},
					"instanceFolderItem": {
						"sid": 633535749905434,
						"expanded": true
					},
					"showing": true,
					"locked": false,
					"world": {
						"x": 320,
						"y": 659,
						"width": 150,
						"height": 22,
						"originX": 0,
						"originY": 0,
						"color": [
							1,
							1,
							1,
							1
						]
					}
				},
				{
					"type": "ventilador",
					"properties": {
						"text": "",
						"placeholder": "",
						"tooltip": "",
						"initially-visible": true,
						"enabled": true,
						"read-only": false,
						"spell-check": false,
						"type": "text",
						"auto-font-size": true,
						"id": "",
						"class": ""
					},
					"uid": 12,
					"sid": 346881829597756,
					"tags": "",
					"instanceVariables": {},
					"behaviors": {},
					"instanceFolderItem": {
						"sid": 346881829597756,
						"expanded": true
					},
					"showing": true,
					"locked": false,
					"world": {
						"x": 537,
						"y": 372,
						"width": 150,
						"height": 22,
						"originX": 0,
						"originY": 0,
						"color": [
							1,
							1,
							1,
							1
						]
					}
				},
				{
					"type": "Alimentacón",
					"properties": {
						"text": "",
						"placeholder": "",
						"tooltip": "",
						"initially-visible": true,
						"enabled": true,
						"read-only": false,
						"spell-check": false,
						"type": "text",
						"auto-font-size": true,
						"id": "",
						"class": ""
					},
					"uid": 13,
					"sid": 401766759917431,
					"tags": "",
					"instanceVariables": {},
					"behaviors": {},
					"instanceFolderItem": {
						"sid": 401766759917431,
						"expanded": true
					},
					"showing": true,
					"locked": false,
					"world": {
						"x": 548,
						"y": 654,
						"width": 150,
						"height": 22,
						"originX": 0,
						"originY": 0,
						"color": [
							1,
							1,
							1,
							1
						]
					}
				},
				{
					"type": "procesador",
					"properties": {
						"text": "",
						"placeholder": "",
						"tooltip": "",
						"initially-visible": true,
						"enabled": true,
						"read-only": false,
						"spell-check": false,
						"type": "text",
						"auto-font-size": true,
						"id": "",
						"class": ""
					},
					"uid": 14,
					"sid": 419839668045494,
					"tags": "",
					"instanceVariables": {},
					"behaviors": {},
					"instanceFolderItem": {
						"sid": 419839668045494,
						"expanded": true
					},
					"showing": true,
					"locked": false,
					"world": {
						"x": 321,
						"y": 293,
						"width": 150,
						"height": 22,
						"originX": 0,
						"originY": 0,
						"color": [
							1,
							1,
							1,
							1
						]
					}
				},
				{
					"type": "Sprite8",
					"properties": {
						"initially-visible": true,
						"initial-animation": "Animation 1",
						"initial-frame": 0,
						"enable-collisions": true,
						"live-preview": false
					},
					"uid": 16,
					"sid": 443032260021950,
					"tags": "",
					"instanceVariables": {},
					"behaviors": {},
					"instanceFolderItem": {
						"sid": 443032260021950,
						"expanded": true
					},
					"showing": true,
					"locked": false,
					"world": {
						"x": 941,
						"y": 500.5,
						"width": 246,
						"height": 313,
						"originX": 0.5,
						"originY": 0.5,
						"color": [
							1,
							1,
							1,
							1
						],
						"angle": 0,
						"zElevation": 0
					}
				},
				{
					"type": "Sprite9",
					"properties": {
						"initially-visible": true,
						"initial-animation": "Animation 1",
						"initial-frame": 0,
						"enable-collisions": true,
						"live-preview": false
					},
					"uid": 17,
					"sid": 629579344811650,
					"tags": "",
					"instanceVariables": {},
					"behaviors": {},
					"instanceFolderItem": {
						"sid": 629579344811650,
						"expanded": true
					},
					"showing": true,
					"locked": false,
					"world": {
						"x": 934,
						"y": 473,
						"width": 250,
						"height": 354,
						"originX": 0.5,
						"originY": 0.5,
						"color": [
							1,
							1,
							1,
							1
						],
						"angle": 0,
						"zElevation": 0
					}
				},
				{
					"type": "Sprite10",
					"properties": {
						"initially-visible": true,
						"initial-animation": "Animation 1",
						"initial-frame": 0,
						"enable-collisions": true,
						"live-preview": false
					},
					"uid": 18,
					"sid": 597878917528703,
					"tags": "",
					"instanceVariables": {},
					"behaviors": {},
					"instanceFolderItem": {
						"sid": 597878917528703,
						"expanded": true
					},
					"showing": true,
					"locked": false,
					"world": {
						"x": 1136,
						"y": 427,
						"width": 94,
						"height": 90,
						"originX": 0.5,
						"originY": 0.5,
						"color": [
							1,
							1,
							1,
							1
						],
						"angle": 0,
						"zElevation": 0
					}
				},
				{
					"type": "Sprite11",
					"properties": {
						"initially-visible": true,
						"initial-animation": "Animation 1",
						"initial-frame": 0,
						"enable-collisions": true,
						"live-preview": false
					},
					"uid": 19,
					"sid": 762578045103962,
					"tags": "",
					"instanceVariables": {},
					"behaviors": {},
					"instanceFolderItem": {
						"sid": 762578045103962,
						"expanded": true
					},
					"showing": true,
					"locked": false,
					"world": {
						"x": 1131,
						"y": 601,
						"width": 103,
						"height": 127,
						"originX": 0.5,
						"originY": 0.5,
						"color": [
							1,
							1,
							1,
							1
						],
						"angle": 0,
						"zElevation": 0
					}
				},
				{
					"type": "Sprite12",
					"properties": {
						"initially-visible": true,
						"initial-animation": "Animation 1",
						"initial-frame": 0,
						"enable-collisions": true,
						"live-preview": false
					},
					"uid": 20,
					"sid": 365940767828001,
					"tags": "",
					"instanceVariables": {},
					"behaviors": {},
					"instanceFolderItem": {
						"sid": 365940767828001,
						"expanded": true
					},
					"showing": true,
					"locked": false,
					"world": {
						"x": 929,
						"y": 400,
						"width": 61,
						"height": 65,
						"originX": 0.5,
						"originY": 0.5,
						"color": [
							1,
							1,
							1,
							1
						],
						"angle": 0,
						"zElevation": 0
					}
				},
				{
					"type": "Sprite13",
					"properties": {
						"initially-visible": true,
						"initial-animation": "Animation 1",
						"initial-frame": 0,
						"enable-collisions": true,
						"live-preview": false
					},
					"uid": 21,
					"sid": 674565531790861,
					"tags": "",
					"instanceVariables": {},
					"behaviors": {},
					"instanceFolderItem": {
						"sid": 674565531790861,
						"expanded": true
					},
					"showing": true,
					"locked": false,
					"world": {
						"x": 1014,
						"y": 407,
						"width": 31,
						"height": 206,
						"originX": 0.5,
						"originY": 0.5,
						"color": [
							1,
							1,
							1,
							1
						],
						"angle": 0,
						"zElevation": 0
					}
				},
				{
					"type": "Sprite14",
					"properties": {
						"initially-visible": true,
						"initial-animation": "Animation 1",
						"initial-frame": 0,
						"enable-collisions": true,
						"live-preview": false
					},
					"uid": 22,
					"sid": 528093642964823,
					"tags": "",
					"instanceVariables": {},
					"behaviors": {},
					"instanceFolderItem": {
						"sid": 528093642964823,
						"expanded": true
					},
					"showing": true,
					"locked": false,
					"world": {
						"x": 930,
						"y": 579,
						"width": 237,
						"height": 105,
						"originX": 0.5,
						"originY": 0.5,
						"color": [
							1,
							1,
							1,
							1
						],
						"angle": 0,
						"zElevation": 0
					}
				},
				{
					"type": "Texto2",
					"properties": {
						"text": "",
						"enable-bbcode": true,
						"font": "Arial",
						"size": 42,
						"line-height": 0,
						"bold": false,
						"italic": false,
						"color": [
							0.9607843137254902,
							0.9607843137254902,
							0.9607843137254902,
							1
						],
						"horizontal-alignment": "left",
						"vertical-alignment": "top",
						"wrapping": "word",
						"text-direction": "ltr",
						"icon-set": -1,
						"initially-visible": true,
						"origin": "top-left",
						"read-aloud": false
					},
					"uid": 27,
					"sid": 991467945277628,
					"tags": "",
					"instanceVariables": {},
					"behaviors": {
						"Ancla": {
							"properties": {
								"left-edge": "window-left",
								"top-edge": "window-top",
								"right-edge": "none",
								"bottom-edge": "none",
								"enabled": true
							}
						}
					},
					"instanceFolderItem": {
						"sid": 991467945277628,
						"expanded": true
					},
					"showing": true,
					"locked": false,
					"world": {
						"x": 782,
						"y": 37,
						"width": 503,
						"height": 76,
						"originX": 0,
						"originY": 0,
						"color": [
							1,
							1,
							1,
							1
						],
						"angle": 0,
						"zElevation": 0
					}
				},
				{
					"type": "Texto3",
					"properties": {
						"text": "",
						"enable-bbcode": true,
						"font": "Arial",
						"size": 98,
						"line-height": 0,
						"bold": false,
						"italic": false,
						"color": [
							0,
							0,
							0,
							1
						],
						"horizontal-alignment": "left",
						"vertical-alignment": "top",
						"wrapping": "word",
						"text-direction": "ltr",
						"icon-set": -1,
						"initially-visible": true,
						"origin": "top-left",
						"read-aloud": false
					},
					"uid": 26,
					"sid": 788917863585917,
					"tags": "",
					"instanceVariables": {},
					"behaviors": {},
					"instanceFolderItem": {
						"sid": 788917863585917,
						"expanded": true
					},
					"showing": true,
					"locked": false,
					"world": {
						"x": 267,
						"y": 196,
						"width": 687,
						"height": 163,
						"originX": 0,
						"originY": 0,
						"color": [
							1,
							1,
							1,
							1
						],
						"angle": 0,
						"zElevation": 0
					}
				},
				{
					"type": "Texto4",
					"properties": {
						"text": "",
						"enable-bbcode": true,
						"font": "Arial",
						"size": 40,
						"line-height": 0,
						"bold": false,
						"italic": false,
						"color": [
							0,
							0,
							0,
							1
						],
						"horizontal-alignment": "left",
						"vertical-alignment": "top",
						"wrapping": "word",
						"text-direction": "ltr",
						"icon-set": -1,
						"initially-visible": true,
						"origin": "top-left",
						"read-aloud": false
					},
					"uid": 28,
					"sid": 981675723332988,
					"tags": "",
					"instanceVariables": {},
					"behaviors": {
						"ArrastrarYSoltar": {
							"properties": {
								"axes": "both",
								"enabled": true
							}
						}
					},
					"instanceFolderItem": {
						"sid": 981675723332988,
						"expanded": true
					},
					"showing": true,
					"locked": false,
					"world": {
						"x": 500,
						"y": 405,
						"width": 374,
						"height": 77,
						"originX": 0,
						"originY": 0,
						"color": [
							1,
							1,
							1,
							1
						],
						"angle": 0,
						"zElevation": 0
					}
				},
				{
					"type": "Texto6",
					"properties": {
						"text": "Escribe los nombres de los componentes y arrastralos hasta sus lugar correspondiente.",
						"enable-bbcode": true,
						"font": "Arial",
						"size": 26,
						"line-height": 0,
						"bold": false,
						"italic": false,
						"color": [
							0.9529411764705882,
							0.9490196078431372,
							0.9490196078431372,
							1
						],
						"horizontal-alignment": "center",
						"vertical-alignment": "top",
						"wrapping": "word",
						"text-direction": "ltr",
						"icon-set": -1,
						"initially-visible": true,
						"origin": "top-left",
						"read-aloud": false
					},
					"uid": 32,
					"sid": 325547549880360,
					"tags": "",
					"instanceVariables": {},
					"behaviors": {},
					"instanceFolderItem": {
						"sid": 325547549880360,
						"expanded": true
					},
					"showing": true,
					"locked": false,
					"world": {
						"x": 309,
						"y": 19,
						"width": 478,
						"height": 128,
						"originX": 0,
						"originY": 0,
						"color": [
							1,
							1,
							1,
							1
						],
						"angle": 0,
						"zElevation": 0
					}
				}
			],
			"sid": 399522396424267,
			"effectTypes": [],
			"isInitiallyVisible": true,
			"isInitiallyInteractive": true,
			"isHTMLElementsLayer": false,
			"color": [
				1,
				1,
				1,
				1
			],
			"backgroundColor": [
				1,
				1,
				1,
				1
			],
			"isTransparent": false,
			"parallaxX": 1,
			"parallaxY": 1,
			"scaleRate": 1,
			"forceOwnTexture": false,
			"renderingMode": "3d",
			"drawOrder": "z-order",
			"useRenderCells": false,
			"blendMode": "normal",
			"zElevation": 0,
			"global": false
		}
	],
	"scene-graphs-folder-root": {
		"items": [],
		"subfolders": []
	},
	"sid": 214591782542611,
	"nonworld-instances": [],
	"effectTypes": [],
	"width": 2560,
	"height": 1440,
	"unboundedScrolling": false,
	"vpX": 0.5,
	"vpY": 0.5,
	"projection": "perspective",
	"eventSheet": "Hoja de eventos 1"
}