{
	"name": "inicio",
	"layers": [
		{
			"name": "Capa 0",
			"overriden": 0,
			"subLayers": [],
			"instances": [
				{
					"type": "Sprite17",
					"properties": {
						"initially-visible": true,
						"initial-animation": "Animation 1",
						"initial-frame": 0,
						"enable-collisions": true,
						"live-preview": false
					},
					"uid": 30,
					"sid": 329201566151815,
					"tags": "",
					"instanceVariables": {},
					"behaviors": {},
					"instanceFolderItem": {
						"sid": 329201566151815,
						"expanded": true
					},
					"showing": true,
					"locked": false,
					"world": {
						"x": 639.5,
						"y": 363,
						"width": 1285,
						"height": 721,
						"originX": 0.5,
						"originY": 0.5,
						"color": [
							1,
							1,
							1,
							1
						],
						"angle": 0,
						"zElevation": 0
					}
				},
				{
					"type": "inicio",
					"properties": {
						"text": "INICIAR",
						"enable-bbcode": true,
						"font": "Arial",
						"size": 30,
						"line-height": 0,
						"bold": false,
						"italic": false,
						"color": [
							0.9490196078431372,
							0.9490196078431372,
							0.9490196078431372,
							1
						],
						"horizontal-alignment": "left",
						"vertical-alignment": "top",
						"wrapping": "word",
						"text-direction": "ltr",
						"icon-set": -1,
						"initially-visible": true,
						"origin": "top-left",
						"read-aloud": false
					},
					"uid": 23,
					"sid": 528658898149564,
					"tags": "",
					"instanceVariables": {},
					"behaviors": {
						"ArrastrarYSoltar": {
							"properties": {
								"axes": "both",
								"enabled": true
							}
						}
					},
					"instanceFolderItem": {
						"sid": 528658898149564,
						"expanded": true
					},
					"showing": true,
					"locked": false,
					"world": {
						"x": 536,
						"y": 386,
						"width": 148,
						"height": 55,
						"originX": 0,
						"originY": 0,
						"color": [
							1,
							1,
							1,
							1
						],
						"angle": 0,
						"zElevation": 0
					}
				},
				{
					"type": "Texto5",
					"properties": {
						"text": "APRENDE A MONTAR UN PC",
						"enable-bbcode": true,
						"font": "Arial",
						"size": 65,
						"line-height": 0,
						"bold": false,
						"italic": false,
						"color": [
							0.9607843137254902,
							0.9607843137254902,
							0.9607843137254902,
							1
						],
						"horizontal-alignment": "left",
						"vertical-alignment": "top",
						"wrapping": "word",
						"text-direction": "ltr",
						"icon-set": -1,
						"initially-visible": true,
						"origin": "top-left",
						"read-aloud": false
					},
					"uid": 31,
					"sid": 943785840519327,
					"tags": "",
					"instanceVariables": {},
					"behaviors": {},
					"instanceFolderItem": {
						"sid": 943785840519327,
						"expanded": true
					},
					"showing": true,
					"locked": false,
					"world": {
						"x": 57,
						"y": 173,
						"width": 1198,
						"height": 117,
						"originX": 0,
						"originY": 0,
						"color": [
							1,
							1,
							1,
							1
						],
						"angle": 6.280140322997856,
						"zElevation": 0
					}
				},
				{
					"type": "Texto7",
					"properties": {
						"text": "Este juego ha sido hecho por Unai Salazar Garretas",
						"enable-bbcode": true,
						"font": "Arial",
						"size": 21,
						"line-height": 0,
						"bold": false,
						"italic": false,
						"color": [
							0.984313725490196,
							0.9568627450980393,
							0.9568627450980393,
							1
						],
						"horizontal-alignment": "left",
						"vertical-alignment": "top",
						"wrapping": "word",
						"text-direction": "ltr",
						"icon-set": -1,
						"initially-visible": true,
						"origin": "top-left",
						"read-aloud": false
					},
					"uid": 33,
					"sid": 317754484099899,
					"tags": "",
					"instanceVariables": {},
					"behaviors": {},
					"instanceFolderItem": {
						"sid": 317754484099899,
						"expanded": true
					},
					"showing": true,
					"locked": false,
					"world": {
						"x": 607,
						"y": 667,
						"width": 669,
						"height": 49,
						"originX": 0,
						"originY": 0,
						"color": [
							1,
							1,
							1,
							1
						],
						"angle": 0,
						"zElevation": 0
					}
				}
			],
			"sid": 405448930961825,
			"effectTypes": [],
			"isInitiallyVisible": true,
			"isInitiallyInteractive": true,
			"isHTMLElementsLayer": false,
			"color": [
				1,
				1,
				1,
				1
			],
			"backgroundColor": [
				1,
				1,
				1,
				1
			],
			"isTransparent": false,
			"parallaxX": 1,
			"parallaxY": 1,
			"scaleRate": 1,
			"forceOwnTexture": false,
			"renderingMode": "3d",
			"drawOrder": "z-order",
			"useRenderCells": false,
			"blendMode": "normal",
			"zElevation": 0,
			"global": false
		}
	],
	"scene-graphs-folder-root": {
		"items": [],
		"subfolders": []
	},
	"sid": 972741455426560,
	"nonworld-instances": [],
	"effectTypes": [],
	"width": 2560,
	"height": 1440,
	"unboundedScrolling": false,
	"vpX": 0.5,
	"vpY": 0.5,
	"projection": "perspective",
	"eventSheet": "inicio"
}