{"propertiesBar":{"properties":[{"name":"Escena","expanded":true,"children":[{"name":"Tamaño","expanded":false,"children":[]},{"name":"Punto de fuga","expanded":false,"children":[]}]},{"name":"Efectos","expanded":true,"children":[]},{"name":"Editor","expanded":true,"children":[{"name":"Márgenes","expanded":false,"children":[]},{"name":"Tamaño de cuadrícula","expanded":false,"children":[]},{"name":"Ajuste de la cuadrícula","expanded":false,"children":[]}]}],"scrollPosition":0},"layersBar":{"name":"<root>","children":[{"name":"Capa 0","expanded":true,"children":[]}]},"grid":{"show":false,"snap":false,"width":32,"height":32,"offsetX":0,"offsetY":0},"marginWidth":1000,"marginHeight":1000,"showCollisionPolygons":false,"showMeshes":false,"showTranslucentInactiveLayers":false,"showSceneGraphConnections":true,"tabColor":[0.8000000000000002,0.9999999999999999,0.8500000000000001,1],"tabTextColor":null,"layers":[{"name":"Capa 0","propertiesBar":{"properties":[{"name":"Propiedades de capa","expanded":true,"children":[]},{"name":"Desplazamiento y zoom","expanded":true,"children":[{"name":"Paralaje","expanded":false,"children":[]}]},{"name":"Apariencia","expanded":true,"children":[]},{"name":"Efectos","expanded":true,"children":[]},{"name":"Editor","expanded":true,"children":[]}],"scrollPosition":0},"visibleInEditor":true,"locked":false,"parallaxInEditor":false,"opacity":1,"translucent":false}],"instancesRoot":{"expanded":true,"subfolders":[],"misc":{"global":true,"layout":[]}},"view":{"x":493.1602747374159,"y":328.9284263522877,"z":224.97518179947468,"activeLayer":"Capa 0"},"selectedInstances":[30],"lockedInstances":[],"instanceCollections":[{"uids":[32],"properties":{"properties":[{"name":"Propiedades del tipo de objeto","expanded":true,"children":[]},{"name":"Común","expanded":true,"children":[{"name":"Posición","expanded":false,"children":[]},{"name":"Tamaño","expanded":false,"children":[]}]},{"name":"Variables de instancia","expanded":true,"children":[]},{"name":"Comportamientos","expanded":true,"children":[]},{"name":"Efectos","expanded":true,"children":[]},{"name":"Contenedor","expanded":true,"children":[]},{"name":"Plantilla","expanded":true,"children":[]},{"name":"Propiedades","expanded":true,"children":[]},{"name":"Accesibilidad","expanded":true,"children":[]},{"name":"Editor","expanded":true,"children":[]}],"scrollPosition":400}},{"uids":[31],"properties":{"properties":[{"name":"Propiedades del tipo de objeto","expanded":true,"children":[]},{"name":"Común","expanded":true,"children":[{"name":"Posición","expanded":false,"children":[]},{"name":"Tamaño","expanded":false,"children":[]}]},{"name":"Variables de instancia","expanded":true,"children":[]},{"name":"Comportamientos","expanded":true,"children":[]},{"name":"Efectos","expanded":true,"children":[]},{"name":"Contenedor","expanded":true,"children":[]},{"name":"Plantilla","expanded":true,"children":[]},{"name":"Propiedades","expanded":true,"children":[]},{"name":"Accesibilidad","expanded":true,"children":[]},{"name":"Editor","expanded":true,"children":[]}],"scrollPosition":400}},{"uids":[23],"properties":{"properties":[{"name":"Propiedades del tipo de objeto","expanded":true,"children":[]},{"name":"Común","expanded":true,"children":[{"name":"Posición","expanded":false,"children":[]},{"name":"Tamaño","expanded":false,"children":[]}]},{"name":"Variables de instancia","expanded":true,"children":[]},{"name":"Comportamientos","expanded":true,"children":[{"name":"ArrastrarYSoltar","expanded":true,"children":[]}]},{"name":"Efectos","expanded":true,"children":[]},{"name":"Contenedor","expanded":true,"children":[]},{"name":"Plantilla","expanded":true,"children":[]},{"name":"Propiedades","expanded":true,"children":[]},{"name":"Accesibilidad","expanded":true,"children":[]},{"name":"Editor","expanded":true,"children":[]}],"scrollPosition":400}},{"uids":[33],"properties":{"properties":[{"name":"Propiedades del tipo de objeto","expanded":true,"children":[]},{"name":"Común","expanded":true,"children":[{"name":"Posición","expanded":false,"children":[]},{"name":"Tamaño","expanded":false,"children":[]}]},{"name":"Variables de instancia","expanded":true,"children":[]},{"name":"Comportamientos","expanded":true,"children":[]},{"name":"Efectos","expanded":true,"children":[]},{"name":"Contenedor","expanded":true,"children":[]},{"name":"Plantilla","expanded":true,"children":[]},{"name":"Propiedades","expanded":true,"children":[]},{"name":"Accesibilidad","expanded":true,"children":[]},{"name":"Editor","expanded":true,"children":[]}],"scrollPosition":400}},{"uids":[30],"properties":{"properties":[{"name":"Propiedades del tipo de objeto","expanded":true,"children":[]},{"name":"Común","expanded":true,"children":[{"name":"Posición","expanded":false,"children":[]},{"name":"Tamaño","expanded":false,"children":[]}]},{"name":"Variables de instancia","expanded":true,"children":[]},{"name":"Comportamientos","expanded":true,"children":[]},{"name":"Efectos","expanded":true,"children":[]},{"name":"Contenedor","expanded":true,"children":[]},{"name":"Plantilla","expanded":true,"children":[]},{"name":"Propiedades","expanded":true,"children":[]},{"name":"Editor","expanded":true,"children":[]}],"scrollPosition":0}}]}