{
	"name": "Sprite",
	"plugin-id": "Sprite",
	"sid": 668403007233859,
	"isGlobal": false,
	"editorNewInstanceIsReplica": true,
	"instanceVariables": [],
	"behaviorTypes": [
		{
			"behaviorId": "DragnDrop",
			"name": "ArrastrarYSoltar",
			"sid": 243252524920217
		}
	],
	"effectTypes": [],
	"animations": {
		"items": [
			{
				"frames": [
					{
						"width": 1600,
						"height": 1600,
						"originX": 0.5,
						"originY": 0.5,
						"originalSource": "",
						"exportFormat": "lossless",
						"exportQuality": 0.8,
						"fileType": "image/png",
						"imageSpriteId": 8680418,
						"collisionPoly": {
							"points": [
								0.163125,
								0.145,
								0.839375,
								0.151875,
								0.8475,
								0.81625,
								0.785625,
								0.854375,
								0.73125,
								0.855,
								0.170625,
								0.85,
								0.1475,
								0.78875
							]
						},
						"useCollisionPoly": true,
						"duration": 1,
						"tag": ""
					}
				],
				"sid": 460392330887433,
				"name": "Animation 1",
				"isLooping": false,
				"isPingPong": false,
				"repeatCount": 1,
				"repeatTo": 0,
				"speed": 5
			}
		],
		"subfolders": []
	}
}