{
	"name": "Sprite5",
	"plugin-id": "Sprite",
	"sid": 645755663800306,
	"isGlobal": false,
	"editorNewInstanceIsReplica": true,
	"instanceVariables": [],
	"behaviorTypes": [
		{
			"behaviorId": "DragnDrop",
			"name": "ArrastrarYSoltar",
			"sid": 796263281272153
		},
		{
			"behaviorId": "Anchor",
			"name": "Ancla",
			"sid": 193495049602344
		},
		{
			"behaviorId": "Pin",
			"name": "Pegado",
			"sid": 217863898488719
		}
	],
	"effectTypes": [],
	"animations": {
		"items": [
			{
				"frames": [
					{
						"width": 550,
						"height": 343,
						"originX": 0.5,
						"originY": 0.5,
						"originalSource": "",
						"exportFormat": "lossless",
						"exportQuality": 0.8,
						"fileType": "image/png",
						"imageSpriteId": 4365675,
						"collisionPoly": {
							"points": [
								0.04909090909090909,
								0,
								0.7090909090909091,
								0,
								1,
								0.27405247813411077,
								0.9690909090909091,
								0.8338192419825073,
								0.025454545454545455,
								0.8279883381924198,
								0.02,
								0.1457725947521866
							]
						},
						"useCollisionPoly": true,
						"duration": 1,
						"tag": ""
					}
				],
				"sid": 849887322291505,
				"name": "Animation 1",
				"isLooping": false,
				"isPingPong": false,
				"repeatCount": 1,
				"repeatTo": 0,
				"speed": 5
			}
		],
		"subfolders": []
	}
}