{
	"name": "Sprite2",
	"plugin-id": "Sprite",
	"sid": 684057648463523,
	"isGlobal": false,
	"editorNewInstanceIsReplica": true,
	"instanceVariables": [],
	"behaviorTypes": [
		{
			"behaviorId": "DragnDrop",
			"name": "ArrastrarYSoltar",
			"sid": 721308019717840
		},
		{
			"behaviorId": "Anchor",
			"name": "Ancla",
			"sid": 482576408692045
		},
		{
			"behaviorId": "Pin",
			"name": "Pegado",
			"sid": 501501074055849
		}
	],
	"effectTypes": [],
	"animations": {
		"items": [
			{
				"frames": [
					{
						"width": 419,
						"height": 500,
						"originX": 0.5,
						"originY": 0.5,
						"originalSource": "",
						"exportFormat": "lossless",
						"exportQuality": 0.8,
						"fileType": "image/png",
						"imageSpriteId": 1456506,
						"collisionPoly": {
							"points": [
								0.01909307875894988,
								0.016,
								0.9809069212410502,
								0.016,
								0.9809069212410502,
								0.984,
								0.01909307875894988,
								0.984
							]
						},
						"useCollisionPoly": true,
						"duration": 1,
						"tag": ""
					}
				],
				"sid": 119095577482036,
				"name": "Animation 1",
				"isLooping": false,
				"isPingPong": false,
				"repeatCount": 1,
				"repeatTo": 0,
				"speed": 5
			}
		],
		"subfolders": []
	}
}